Description,Product_Code
COKE CANS 120Z 24CT 120Z,12215
DIET COKE CAN 120Z (96 PAL) 12PK 120Z,2755
Z 5 5 0 1215 6075 2755 COKE 2 LITER 2LITER 8CT,10076
MEXICAN COKE BIG 170Z 24CT 170Z,12216
MEXICAN FANTA REG 500ML (48P500ML 24CS/48PAL,14747
BODY ARMOR 16OZ 12CT 1CASE 16OZ,3709
DASANI 1 LITER 12CT 1LTR,8260
SMART WATER 1LTR 1LTR 12CTS,14553
VITAMIN WATER 12CT 12CT 20OZ,11692
SPRITE ORIGINAL 200Z (24CT/42/24CT 200Z,11710
FANTA 200Z ORANGE (24CT/42P/24CT 200Z,11727
FANTA 200Z PINEAPP (24CT/42PA24CT 200Z,11707
FANTA 200Z GRAPE (24CT/42PAL24CT 200Z,12069
FANTA STRAW 200Z 24CT 200Z,11702
MR PIBB ORIGINAL 200Z (24CT/4224CT 200Z,2933
COKE ORIGINAL 200Z (24CT/42P/200Z 24CT,11694
COKE DIET 200Z (24CT/42PAL),11705
SPRITE ZERO 200Z (24CT/42PAL)24CT 200Z,11695
CO 11695 COKE ZERO 200Z (24CT/42PAL) 24CT 200Z,11724
FANTA 200Z PEACH (24CT/42PAL24CT 200Z,11698
SPRITE TROPICAL 200Z (24CT/4224CT 200Z,11726
FANTA 200Z PINA (24CT/42PAL) 24CT 20 OZ,11412
MINUTE MAID 200Z 24CT 200Z,9725
DASANI 200Z 1PK 24CT,12219
SMART WATER 15L 1PK 12CT,12236
GOLD PEAK TEA 1/12CT 1850Z,
MEX FANTA PINEAPPLE 355ML (4824CS/48PAL355ML,
MEX SPRITE REG SMALL 355ML 424CS/48PAL355ML,
MEX COKE REG SMALL 355ML (4824CS/48PAL12OZ/355ML,
SMART WATER 700ML 24CT 700ML,
BODY ARMOR 28 OZ 1CASE 280Z,
